sample_year,enterovirus_type,total_records,mean_susceptibility
2005,CVA16,776,0.5374
2005,CVA6,776,0.4912
2005,EV-A71,776,0.4701
2005,EV-D68,776,0.5754
2010,CVA16,860,0.6043
2010,CVA6,860,0.5414
2010,EV-A71,860,0.5088
2010,EV-D68,860,0.6156
2015,CVA16,922,0.4457
2015,CVA6,922,0.3876
2015,EV-A71,922,0.3855
2015,EV-D68,922,0.4805
2020,CVA16,1000,0.4281
2020,CVA6,1000,0.3802
2020,EV-A71,1000,0.3573
2020,EV-D68,1000,0.4404
2025,CVA16,1000,0.4839
2025,CVA6,1000,0.4036
2025,EV-A71,1000,0.4083
2025,EV-D68,1000,0.4882
