day,susceptible,exposed,infectious,recovered
1,4987.006,2.994,8.0,2.0
2,4984.61223712,2.06442288,9.72334,3.6
3,4981.704212347019,2.680938256180703,10.0701813968,5.544668
4,4978.694212442007,2.7150966968323513,11.031986581800581,7.5587042793600006
5,4975.398719177214,2.996832628141347,11.839346598924376,9.765101595720116
6,4971.8643909829625,3.204676605155458,12.797961496376397,12.132970915504991
7,4968.046607240502,3.465269315893189,13.795560228823675,14.692563214780272
8,4963.934388069115,3.7310395466391166,14.882897123700381,17.451675260545006
9,4959.501724579529,4.022249139455571,16.047771595729724,20.428254685285083
10,4954.726387525248,4.332889648940684,17.302913821379462,23.637809004431027
11,4949.582515303737,4.667254360128373,18.65183856742773,27.098391768706918
12,4944.04338646064,5.02573086348237,20.10212319368468,30.828759482192464
13,4938.080240306867,5.410315758790165,21.660259813413173,34.8491841209294
14,4931.662634247796,5.82247132560479,23.333658342987622,39.181236083612035
15,4924.758210389571,6.263952012408455,25.129869845811417,43.847967752209556
16,4917.332698418621,6.736477249585933,27.056882610422516,48.873941721371835
17,4909.34983680397,7.241849117195835,29.122995835378397,54.28531824345634
18,4900.77133831287,7.7818950882079125,31.336849188390094,60.10991741053202
19,4891.55685437274,8.358475480426838,33.70738289862286,66.37728724821004
20,4881.663959581097,8.973462488796555,36.24381410217208,73.11876382793461
21,4871.048152317477,9.628726389852208,38.95559464430185,80.36752664836904
22,4859.662877678604,10.326114735989561,41.85236200817743,88.15864557722941
23,4847.459575478945,11.06742957869952,44.943876963490354,96.52911797886489
24,4834.387757874196,11.854400351092185,48.239948403148745,105.51789337156296
25,4820.395120914156,12.688652921419768,51.75034311223132,115.16588305219271
26,4805.427694827526,13.571674265273824,55.484679232561,125.51595167463898
27,4789.430037974159,14.504772684186097,59.45230182050275,136.61288752115118
28,4772.34547956421,15.489033414688823,63.66213913584876,148.50334788525174
29,4754.1164162487485,16.525269639845572,68.1225383989836,161.23577571242149
30,4744.400541905175,7.898094683191296,72.84108001941546,174.8602833922182
31,4734.032924119662,9.498827370361145,67.0397491138747,189.4284993961013
32,4724.5118727337685,8.476180375154417,64.17549767220063,202.83644921887625
33,4715.415935713041,8.163557179460323,60.748958354181916,215.6715487533164
34,4706.822237524003,7.695706899297681,57.660715152546494,227.82134042415277
35,4698.680275434656,7.2954343304235465,54.67080678025762,239.35348345466207
36,4690.973856190842,6.90392146746828,51.83457753097623,250.2876448107136
37,4683.679216749507,6.53520807991369,49.13101485367078,260.6545603169088
38,4676.775799354468,6.184544506247967,46.55889285164081,270.48076328764296
39,4670.243434254469,5.852065204311469,44.11195868324789,279.7925418579711
40,4664.063026692093,5.536680389902023,41.78535932338404,288.6149335946207
41,4658.216340207776,5.237651641427955,39.57400269149848,296.9720054592975
42,4652.686012228227,4.954186298991865,37.472995475183815,304.8868059975972
43,4647.455509771717,4.685541963621277,35.47754317202802,312.381405092634
44,4642.509100667076,4.430999488641826,33.58298611724204,319.4769137270396
45,4637.83182110677,4.189869616555565,31.78479832618606,326.19351095048796
46,4633.40944463363,3.9614908153182933,30.07859393532552,332.5504706157252
47,4629.2284513969935,3.7452292469521007,28.460129953263724,338.5661894027903
48,4625.275998097691,3.540478082138395,26.92530842672781,344.25821539344304
49,4621.539888613465,3.346656895190426,25.470177412555866,349.6432770787886
50,4618.008545387,3.1632109679947122,24.090931083706067,354.7373125612998
51,4614.670981618673,2.9896105618470985,22.783909041438985,359.555498778041
52,4611.516774301632,2.8253501552378526,21.545594956801466,364.1122805863288
53,4608.536038124964,2.6699476595917933,20.37261463775519,368.42139957768904
54,4605.7194002624965,2.5229436199127107,19.261733612351044,372.49592250524006
55,4603.057976057064,2.3839004072424035,18.209854307983946,376.34826922771026
56,4600.543345603607,2.2524014086594124,17.214012898426226,379.99024008930706
57,4598.167531228877,2.1280502197771467,16.271375882352928,383.4330426689923
58,4595.922975860757,2.0104698439441897,15.379236449834977,386.68731784546287
59,4593.802522276227,1.899301901695893,14.53501068664603,389.76316513542986
60,4591.799393213619,1.7942058534222451,13.736233660199266,392.67016727275904
61,4589.90717233204,1.694858237701857,12.980555425458105,395.4174140047989
62,4588.119785998595,1.6009519272977075,12.265736984215545,398.01352508989055
63,4586.431485882181,1.5121954044112742,11.589646226672892,400.46667248673367
64,4584.836832331253,1.4283120564422045,10.950253880234827,402.78460173206827
65,4583.330678511849,1.349039493195723,10.34562948683871,404.97465250811524
66,4581.908155281383,1.2741288862148104,9.77393742691822,407.043778405483
67,4580.564656773215,1.2033443306845664,9.233433005233016,408.99856589086664
68,4579.295826666681,1.1364622301583065,8.722458611246282,410.84525249191324
69,4578.097545117178,1.0732707041851746,8.239439964472746,412.5897442141625
70,4576.9659163209435,1.0135690187744222,7.78288245322374,414.23763220705706
71,4575.897256689369,0.9571670395089349,7.351367573418601,415.79420869770183
72,4574.888083608005,0.9038847070176579,6.943549472589799,417.26448221238553
73,4573.935104755802,0.8535515344308691,6.55815160286144,418.6531921069035
74,4573.035207960643,0.8060061263717584,6.1939634855074175,419.9648224274758
75,4572.185451567761,0.7610957189805478,5.849837588678586,421.20361512457725
76,4571.383055298252,0.7186757404218537,5.524686319011277,422.37358264231295
77,4570.625391575515,0.6786093912905828,5.217479127077279,423.4785199061152
78,4569.909977298168,0.6407672443050758,4.9272397259943705,424.52201573153064
79,4569.234466038637,0.6050268626572886,4.653043421974131,425.5074636767295
80,4568.596640647367,0.5712724363774548,4.394014555128894,426.43807236112434
81,4567.9944062433015,0.5393944360640048,4.14932404848209,427.3168752721501
82,4567.425783572006,0.5092892833276692,3.9181870628167177,428.14674008184653
83,4566.888902713539,0.4808590373009767,3.6998607547470868,428.93037749440987
84,4566.381997122866,0.45401109657008676,3.493642135201754,429.6703496453593
85,4565.903397986349,0.4286579158945458,3.2988660253542,430.36907807239965
86,4565.451528878509,0.40471673709159384,3.114903106926306,431.0288512774705
87,4565.024900703954,0.3821093334746782,2.941158063712714,431.65183189885573
88,4564.622106910021,0.36076176725042824,2.777067811127064,432.2400635115983
89,4564.24181895633,0.3406041592942174,2.622099810549627,432.7954770738237
90,4563.882782028066,0.32157047074127837,2.475750465256283,433.3198970359336
91,4563.543810980436,0.30359829584789294,2.3375435947278453,433.8150471289849
92,4563.223786502298,0.28662866559524836,2.207028984173437,434.28255584793044
93,4562.921651487555,0.27060586152692956,2.0837810061494753,434.72396164476515
94,4562.636407603458,0.2554772393295766,1.9673973112144718,435.140717845995
95,4562.367112045446,0.2411930616847956,1.8574975846274078,435.53419730823794
96,4562.112874468722,0.2277063399389106,1.7537223661720494,435.90569682516343
97,4561.872854087173,0.21497268415543752,1.6557319302698301,436.2564412983978
98,4561.646256930783,0.20295016113320066,1.5632052236283998,436.58758768445176
99,4561.432333253068,0.191599159990722,1.4758388577605726,436.90022872917746
100,4561.230375080534,0.1808822649348311,1.3933461537981593,437.19539650072954
101,4561.039713896543,0.17076413484834246,1.31545623711619,437.4740657314892
102,4560.859718452361,0.16121138934807783,1.241913179374612,437.7371569789124
103,4560.689792698553,0.15219250098045456,1.1724751856760562,437.98553961478734
104,4560.529373830208,0.14367769323730395,1.1069138246291494,438.22003465192256
105,4560.377930439862,0.13563884408949584,1.045013299196727,438.44141741684837
106,4560.234960772262,0.12804939475034252,0.9865697562967218,438.65042007668774
107,4560.099991075444,0.12088426339460873,0.9313906332102576,438.84773402794707
108,4559.9725740428985,0.11411976357228848,0.8792940389362217,439.0340121545891
109,4559.852287341836,0.10773352706910563,0.8301081687142174,439.2098709623763
110,4559.738732222881,0.10170443097797839,0.7836707500180812,439.3758925961192
111,4559.631532206716,0.09601252875745035,0.739828518400021,439.5326267461228
112,4559.530331843488,0.0906389850643558,0.6984367216407867,439.6805924498028
113,4559.434795540972,0.08556601415875568,0.6593586507340644,439.82027979413095
114,4559.344606457726,0.08077682168947208,0.6224651963034704,439.9521515242778
115,4559.2594654576615,0.07625554967837438,0.5876344291180903,440.0766445635385
116,4559.179090122666,0.07198722453094267,0.5547512034374678,440.1941714493621
117,4559.103213820058,0.06795770790957095,0.5237067819793205,440.3051216900496
118,4559.031584821873,0.0641536503145856,0.4943984813630802,440.4098630464455
119,4558.963965473113,0.06056244722606312,0.4667293369396541,440.5087427427181
120,4558.900131406251,0.05717219766724432,0.4406077859726534,440.602088610106
121,4558.839870799449,0.05397166505768351,0.41594736818876393,440.69021016730056
122,4558.782983676062,0.05095024023124588,0.3926664427650398,440.7733996409383
123,4558.729281243136,0.04809790650069915,0.37068792086871477,440.8519329294913
124,4558.6785852667645,0.04540520665694356,0.3499390129107479,440.926070513665
125,4558.630727482236,0.04286321179690469,0.3303509897178057,440.9960583162472
126,4558.585549037059,0.040463491879793194,0.3118589568688087,441.06212851419076
127,4558.542899965035,0.03819808791682043,0.2944016414816174,441.12450030556454
128,4558.50263868966,0.03605948570457211,0.27792119077296457,441.18338063386085
129,4558.464631555215,0.034040591017086994,0.2623629817504467,441.23896487201546
130,4558.428752384028,0.032134706176283764,0.2476754414293239,441.29143746836553
131,4558.394882058424,0.030335507924733857,0.23380987699913408,441.3409725566514
132,4558.362908126023,0.028637026528906144,0.22072031539576184,441.38773453205124
133,4558.33272442706,0.027033626044917852,0.2083633517636953,441.4318785951304
134,4558.304230742513,0.025519985682531814,0.19669800632081508,441.47355126548314
135,4558.277332461881,0.024091082206645166,0.18568558916426237,441.5128908667473
136,4558.25194026952,0.022742173318837624,0.17528957258078603,441.55002798458014
137,4558.22796984849,0.021468781964689338,0.1654754704485386,441.58508589909627
138,4558.2053416009585,0.02026668151555515,0.15621072433963604,441.618180993186
139,4558.183980384216,0.019131881776297443,0.14746459595397504,441.6494231380539
140,4558.163815261447,0.01806061577314448,0.1392080655348702,441.6789160572447
141,4558.144779266433,0.017049327278361785,0.13141373593608652,441.7067576703517
142,4558.126809181402,0.01609465903080931,0.12405574202785079,441.7330404175389
143,4558.109845327294,0.015193441613712128,0.11710966514647897,441.75785156594446
144,4558.093831365763,0.01434268295310612,0.11055245230840363,441.78127349897375
145,4558.078714112236,0.013539558402437094,0.1043623399246707,441.8033839894354
146,4558.064443359432,0.012781401380699532,0.09851878176644174,441.82425645742035
147,4558.050971710746,0.012065694533304219,0.09300238094572988,441.84396021377364
148,4558.038254422961,0.011390061386569445,0.08779482568855158,441.8625606899628
149,4558.026249257739,0.010752258468341774,0.08287882868993335,441.8801196551005
150,4558.014916341439,0.01015016786877595,0.07823806985180604,441.89669542083845
151,4558.004218032756,0.009581790216743505,0.07385714221578613,441.9123430348088
152,4557.994118797784,0.009045238048700163,0.06972150091321419,441.927114463252
153,4557.98458509205,0.008538729548128517,0.06581741496462853,441.9410587634346
154,4557.975585249165,0.008060582634887375,0.062131921770125484,441.95422224642755
155,4557.96708937569,0.00760920938494768,0.058652784140825365,441.96664863078155
156,4557.959069251896,0.007183110762079906,0.05536844972995222,441.97837918760973
157,4557.951498238068,0.006780871644082812,0.052268012729870465,441.9894528775557
158,4557.94435118606,0.006401156127112075,0.049341177708828295,441.9999064801017
159,4557.937604355793,0.006042703092582316,0.04657822546815704,442.00977471564346
160,4557.931235336431,0.005704322021980217,0.043969980807292,442.0190903607371
161,4557.925222971963,0.005384889045743165,0.04150778209023164,442.02788435689854
162,4557.919547290955,0.005083343213128973,0.03918345251296023,442.03618591331656
163,4557.914189440231,0.004798682970730863,0.036989272976941344,442.04402260381914
164,4557.909131622267,0.0045299628379799756,0.03491795647906434,442.05142045841455
165,4557.9043570360855,0.004276290268627688,0.032962623933409235,442.05840404971036
166,4557.899849821468,0.004036822687813791,0.031116781344904122,442.06499657449706
167,4557.895595006277,0.003810764694906461,0.02937429825939661,442.07121993076606
168,4557.891578456738,0.00359736542284742,0.027729387418863456,442.07709479041796
169,4557.887786830496,0.003395916045252843,0.026176585554451397,442.0826406679017
170,4557.884207532308,0.0032057474230089153,0.024710735253791773,442.0878759850126
171,4557.880828672209,0.003026227882562101,0.023326967842573314,442.09281813206337
172,4557.877639026023,0.0028567611185397095,0.02202068722370258,442.0974835256319
173,4557.874627998086,0.0026967842137476323,0.020787554620541143,442.10188766307664
174,4557.871785586052,0.0025457657699804255,0.019623474173692784,442.10604517400077
175,4557.869102347674,0.0024032041434456806,0.018524579343632497,442.1099698688355
176,4557.866569369439,0.00226862577895089,0.017487220074130703,442.11367478470424
177,4557.864178236966,0.0021415836373279967,0.01650795067394005,442.1171722287191
178,4557.861921007055,0.0020216557108795443,0.015583518376586118,442.1204738188539
179,4557.859790181305,0.0019084436219219151,0.014710852540345189,442.1235905225292
180,4557.857778681207,0.001801571299776364,0.013887054452609479,442.12653269303723
