day,susceptible,infectious,recovered
1,4987.006,10.994,2.0
2,4983.71637136216,12.08482863784,4.1988
3,4980.1027298625095,13.281504409922569,6.615765727568
4,4976.134134480398,14.593798910050236,9.272066609552514
5,4971.776892425915,16.032281182522816,12.190826391562561
6,4966.994356918947,17.60836045298676,15.397282628067124
7,4961.746719298672,19.334325982664204,18.918954718664477
8,4955.990797587812,21.223382496991473,22.78581991519732
9,4949.679824286885,23.289679298519737,27.030496414595614
10,4942.7632369426055,25.548330783095494,31.68843227429956
11,4935.186475933009,28.015425636072408,36.79809843091866
12,4926.89079495001,30.708021491857014,42.40118355813314
13,4917.813090844848,33.64412129864705,48.542787856504546
14,4907.885760835701,36.84262704806514,55.27161211623395
15,4897.036596554843,40.32326591931086,62.64013752584698
16,4885.188726020874,44.10648326941737,70.70479070970916
17,4872.260616332143,48.21329630426506,79.52608736359264
18,4858.166151646134,52.66510172942141,89.16874662444565
19,4842.814802770441,57.48343025922965,99.70176697032993
20,4826.1119063520355,62.6896406257889,111.19845302217585
21,4807.959073090293,68.30454576237412,123.73638114733363
22,4788.254745458402,74.34796424179035,137.39729029980845
23,4766.894925902647,80.83819094918773,152.26688314816653
24,4743.774096167357,87.79138249464012,168.43452133800406
25,4718.78634699867,95.22085516439975,185.99279783693208
26,4691.826734720711,103.13629640947823,205.03696886981203
27,4662.792876751867,111.54289509642678,225.66422815170768
28,4631.586791749393,120.44040107961538,247.97280717099304
29,4598.116981499393,129.82213111369308,272.06088738691614
30,4580.208861129943,121.76582526040386,298.02531360965475
31,4563.477473774728,114.14404756353814,322.3784786617355
32,4547.850660080078,106.94205174548082,345.20728817444314
33,4533.259965661448,100.14433581501474,366.5956985235393
34,4519.640556411309,93.73487790215066,386.6245656865422
35,4506.931117739805,87.6973409932252,405.3715412669724
36,4495.073741487843,82.01524904654232,422.91100946561744
37,4484.013803716122,76.67213700895479,439.3140592749259
38,4473.6998360948655,71.65167722842084,454.64848667671686
39,4464.0833931946845,66.93778468291792,468.978822122401
40,4455.118917605277,62.51470333574199,482.3663790589846
41,4446.76360448149,58.36707579237997,494.86931972613297
42,4438.977266831483,54.47999828391101,506.542734884609
43,4431.722202615104,50.83906284350778,517.4387345413912
44,4424.9630645081925,47.43038838171777,527.6065471100928
45,4418.666733006461,44.2406422071056,537.0926247864364
46,4412.80219338744,41.257053384705856,545.9407532278575
47,4407.340416917377,38.46741917782666,554.1921639047987
48,4402.254246579069,35.860105680569475,561.885647740364
49,4397.518287503617,33.424043619907415,569.0576688764779
50,4393.108802211791,31.148720187751778,575.7424776004594
51,4389.003610706758,29.024167655234756,581.9722216380098
52,4385.181995407661,27.040949423285312,587.7770551690568
53,4381.624610871169,25.190144075119846,593.1852450537139
54,4378.313398214242,23.463327917023946,598.2232738687378
55,4375.2315041246675,21.852556423193164,602.9159394521425
56,4372.363204325415,20.35034493780703,607.2864507367811
57,4369.693831343373,18.94964893228755,611.3565197243425
58,4367.209706422007,17.643844067196223,615.1464495108
59,4364.898075409941,16.42670626582265,618.6752183242393
60,4362.74704845299,15.292391969608529,621.9605595774038
61,4360.745543315114,14.235418713562698,625.0190379713256
62,4358.883232153743,13.25064613222195,627.8661217140382
63,4357.1504915765145,12.333257483005914,630.5162509404826
64,4355.53835580937,11.4787417535493,632.9829024370838
65,4354.03847280985,10.682876402359874,635.2786507877937
66,4352.643063164165,9.941710767572319,637.4152260682657
67,4351.344881611912,9.251550166311599,639.4035682217802
68,4350.137181048017,8.608940696943954,641.2538782550425
69,4349.01367885756,8.010654748011563,642.9756663944313
70,4347.968525445289,7.4536772106804765,644.5777973440336
71,4346.996274827963,6.9351923858704065,646.0685327861696
72,4346.091857163965,6.452571572694143,647.4555712633437
73,4345.250553100869,6.0033613212509245,648.7460855778826
74,4344.4679698278205,5.585272330049637,649.9467578421328
75,4343.740018725601,5.196168966259696,651.0638123081427
76,4343.062894513117,4.834059385491826,652.1030461013946
77,4342.433055794707,4.497086226803534,653.069857978493
78,4341.847206918126,4.18351785802375,653.9692752238537
79,4341.302281058318,3.8917401462275754,654.8059787954585
80,4340.795424447095,3.6202487282051803,655.584326824704
81,4340.323981673652,3.3676417560067478,656.3083765703451
82,4339.885481985394,3.132613093063848,656.9819049215464
83,4339.477626522897,2.913945936949033,657.6084275401591
84,4339.098276426948,2.710506845507855,658.191216727549
85,4338.745441759501,2.5212401438538814,658.7333180966506
86,4338.417271184049,2.345162690534918,659.2375661254214
87,4338.112042354439,2.181358982038528,659.7065986635283
88,4337.828152964378,2.0289765756912033,660.142870459936
89,4337.564112413026,1.8872218119051194,660.5486657750743
90,4337.318534044922,1.7553558176285775,660.9261101374552
91,4337.090127925272,1.632690773752182,661.2771813009809
92,4336.877694114169,1.5185864301056036,661.6037194557314
93,4336.68011640571,1.4124468525437666,661.9074367417525
94,4336.496356500283,1.3137173874622046,662.1899261122612
95,4336.325448580356,1.2218818298957912,662.4526695897537
96,4336.166494262132,1.1364597821406845,662.6970459557328
97,4336.01865789725,1.057004190594394,662.924337912161
98,4335.881162200493,0.9830990492323015,663.1357387502799
99,4335.753284181049,0.9143572588301477,663.3323585601263
100,4335.6343513564125,0.8504186317007459,663.5152300118923
101,4335.523738229434,0.7909480323396548,663.6853137382325
102,4335.420863010336,0.7356336449691568,663.8435033447004
103,4335.325184566778,0.6841853595332741,663.9906300736942
104,4335.236199586176,0.6363332682295136,664.1274671456009
105,4335.153439935592,0.591826265166498,664.2547337992468
106,4335.076470205514,0.5504307422116217,664.37309905228
107,4335.0048854247425,0.511929374540478,664.4831852007223
108,4334.938308934554,0.47611998982114456,664.5855710756305
109,4334.876390411048,0.44281451536267186,664.6807950735947
110,4334.818804025409,0.41183799792944614,664.7693579766673
111,4334.76524673248,0.3830276912726591,664.8517255762531
112,4334.71543667874,0.3562322067580743,664.9283311145076
113,4334.6691117213695,0.3313107227767502,664.9995775558592
114,4334.626028050678,0.30813224891347396,665.0658397004146
115,4334.585958908691,0.2865749411174432,665.1274661501973
116,4334.548693397213,0.2665254643722372,665.1847811384208
117,4334.514035369113,0.2478783995983427,665.2380862312953
118,4334.481802397049,0.23053569174238964,665.287661911215
119,4334.451824814229,0.2144061362137238,665.3337690495634
120,4334.423944822179,0.19940490102186736,665.3766502768062
121,4334.398015660848,0.18545308214861625,665.4165312570107
122,4334.37390083671,0.1724772898567875,665.4536218734404
123,4334.351473404801,0.16040926379469925,665.4881173314118
124,4334.330615300935,0.14918551490204943,665.5201991841707
125,4334.311216720597,0.13874699225962114,665.5500362871511
126,4334.293175541252,0.12903877315281057,665.577785685603
127,4334.276396785036,0.12000977473794172,665.6035934402336
128,4334.260792119015,0.11161248581125786,665.6275953951812
129,4334.24627939038,0.10380271728388654,665.6499178923434
130,4334.232782194144,0.09653937006245814,665.6706784358001
131,4334.22022947107,0.08978421912487886,665.6899863098126
132,4334.208555133705,0.08350171266445248,665.7079431536376
133,4334.197697718583,0.07765878525351957,665.7246434961705
134,4334.187600062735,0.07222468405041844,665.7401752532212
135,4334.178209002835,0.06717080714122793,665.7546201900312
136,4334.169475095377,0.062470553170761604,665.7680543514595
137,4334.161352356437,0.0580991814759604,665.7805484620936
138,4334.153798019629,0.05403368198946785,665.7921682983888
139,4334.146772310988,0.050252654232043385,665.8029750347866
140,4334.140238239614,0.04673619475983083,665.8130255656331
141,4334.134161402945,0.04346579247658825,665.822372804585
142,4334.128509805664,0.04042423126202757,665.8310659630804
143,4334.1232536912685,0.03759549940561399,665.8391508093328
144,4334.118365385422,0.03496470537073142,665.8466699092139
145,4334.113819150271,0.03251799944721245,665.8536628502881
146,4334.1095910489485,0.030242500881028492,665.8601664501775
147,4334.105658819554,0.02812623009859595,665.8662149503538
148,4334.102001757963,0.026158045669824326,665.8718401963735
149,4334.09860060882,0.024327585678849316,665.8770718055074
150,4334.095437464168,0.02262521319448621,665.8819373226431
151,4334.09249566917,0.02104196555392527,665.886462365282
152,4334.089759734419,0.019569507193182116,665.8906707583927
153,4334.087215254397,0.018200085776416283,665.8945846598314
154,4334.084848831625,0.016926491393536,665.8982246769866
155,4334.082648006129,0.015742018611606897,665.9016099752653
156,4334.080601189838,0.014640431180560168,665.9047583789876
157,4334.078697605574,0.013615929207629754,665.9076864652237
158,4334.076927230312,0.012663118627910613,665.9104096510653
159,4334.075280742404,0.011776982810488723,665.9129422747908
160,4334.073749472502,0.010952856150811,665.9152976713528
161,4334.072325357912,0.01018639951039815,665.917488242583
162,4334.071000900145,0.0094735773747102,665.9195255224851
163,4334.069769125435,0.008810636609003617,665.92142023796
164,4334.0686235480225,0.008194086700417866,665.9231823652818
165,4334.067558136,0.0076206813823416885,665.9248211826219
166,4334.066567279561,0.007087401544376295,665.9263453188984
167,4334.065645761459,0.00659143933797204,665.9277627992072
168,4334.0647887295345,0.0061301833941023905,665.9290810870748
169,4334.063991671174,0.005701205075186923,665.9303071237537
170,4334.063250389546,0.005302245688914555,665.9314473647687
171,4334.062560981501,0.004931204596677473,665.9325078139065
172,4334.061919817024,0.0045861281540319696,665.9334940548258
173,4334.061323520123,0.0042651994249792964,665.9344112804566
174,4334.060768951047,0.003966728615930528,665.9352643203416
175,4334.060253189761,0.0036891441790058224,665.9360576660648
176,4334.0597735205665,0.003430984537840123,665.9367954949006
177,4334.0593274178045,0.0031908903923428163,665.9374816918082
178,4334.058912532557,0.00296759756190529,665.9381198698867
179,4334.058526680277,0.002759930329383797,665.938713389399
180,4334.05816782929,0.0025667952508203183,665.9392653754649
